<?xml version="1.0" encoding="UTF-8"?>
<widgets xmlns:xsi="http://www.w3.org/2001/XMLSchema-instance"
         xsi:noNamespaceSchemaLocation="urn:magento:module:Magento_Widget:etc/widget.xsd">
    <widget id="inchoo_products_list" class="Storepro\CustomWidget\Block\Product\ProductsList"
            placeholder_image="Storepro_CustomWidget::images/inchoo_widget_block.png">
        <label translate="true">Inchoo Catalog Products List</label>
        <description>Inchoo - Extended Catalog Products List</description>
        <parameters>
            <parameter name="title" xsi:type="text" required="false" visible="true">
                <label translate="true">Title</label>
            </parameter>
            <parameter name="collection_sort_by" xsi:type="select" visible="true"
                       source_model="Storepro\CustomWidget\Model\Config\Source\SortBy">
                <label translate="true">Sort Collection By</label>
            </parameter>
            <parameter name="collection_sort_order" xsi:type="select" visible="true"
                       source_model="Storepro\CustomWidget\Model\Config\Source\SortOrder">
                <label translate="true">Sort Collection Order</label></parameter>
            <parameter name="show_pager" xsi:type="select" visible="true"
                       source_model="Magento\Config\Model\Config\Source\Yesno">
                <label translate="true">Display Page Control</label>
            </parameter>
            <parameter name="products_per_page" xsi:type="text" required="true" visible="true">
                <label translate="true">Number of Products per Page</label>
                <depends>
                    <parameter name="show_pager" value="1" />
                </depends>
                <value>5</value>
            </parameter>
            <parameter name="products_count" xsi:type="text" required="true" visible="true">
                <label translate="true">Number of Products to Display</label>
                <value>10</value>
            </parameter>
            <parameter name="template" xsi:type="select" required="true" visible="true">
                <label translate="true">Template</label>
                <options>

                    <option name="default" value="Storepro_CustomWidget::widget\customgrid.phtml" selected="true">
                        <label translate="true">Products Grid Template</label>
                    </option>
                    <option name="top_products" value="Storepro_CustomWidget::product/widget/content/top_products.phtml">
                        <label translate="true">Top Products Template</label>
                    </option>
                </options>
            </parameter>
            <parameter name="cache_lifetime" xsi:type="text" visible="true">
                <label translate="true">Cache Lifetime (Seconds)</label>
                <description translate="true">86400 by default, if not set. To refresh instantly, clear the Blocks HTML Output cache.</description>
            </parameter>
            <parameter name="condition" xsi:type="conditions" visible="true" required="true" sort_order="10"
                       class="Magento\CatalogWidget\Block\Product\Widget\Conditions">
                <label translate="true">Conditions</label>
            </parameter>
        </parameters>
        <containers>
            <container name="content">
                <template name="grid" value="default" />
                <template name="top-products" value="top_products" />
            </container>
            <container name="content.top">
                <template name="grid" value="default" />
            </container>
        </containers>
    </widget>
</widgets>